,precision,recall,f1-score,support
Accipiter_nisus,0.7692307692307693,0.4878048780487805,0.5970149253731343,41.0
Alburnus_alburnus,0.5434782608695652,0.6944444444444444,0.6097560975609756,36.0
Alcedo_atthis,0.7555555555555555,0.723404255319149,0.7391304347826086,47.0
Anas_platyrhynchos,0.696969696969697,0.6764705882352942,0.6865671641791045,34.0
Anguis_fragilis,0.8461538461538461,0.7021276595744681,0.7674418604651163,47.0
Apis_mellifera,0.5098039215686274,0.7428571428571429,0.6046511627906976,35.0
Apus_apus,0.5957446808510638,0.8,0.6829268292682927,35.0
Ardea_cinerea,0.8205128205128205,0.8648648648648649,0.8421052631578947,37.0
Barbus_balcanicus,0.0,0.0,0.0,6.0
Bombina_variegata,0.7872340425531915,0.7551020408163265,0.7708333333333334,49.0
Bombus_terrestris,0.8857142857142857,0.7380952380952381,0.8051948051948052,42.0
Bubo_bubo,0.8235294117647058,0.9032258064516129,0.8615384615384616,31.0
Bufo_bufo,0.7142857142857143,0.6818181818181818,0.6976744186046512,44.0
Calopteryx_splendens,1.0,0.972972972972973,0.9863013698630136,37.0
Canis_lupus,0.75,0.7142857142857143,0.7317073170731707,42.0
Capreolus_capreolus,0.6111111111111112,0.55,0.5789473684210527,40.0
Carabus_intricatus,1.0,0.925,0.961038961038961,40.0
Carduelis_carduelis,0.725,0.7631578947368421,0.7435897435897436,38.0
Certhia_brachydactyla,0.5641025641025641,0.55,0.5569620253164557,40.0
Cervus_elaphus,0.55,0.5116279069767442,0.5301204819277109,43.0
Cetonia_aurata,0.9024390243902439,0.8409090909090909,0.8705882352941177,44.0
Ciconia_ciconia,0.75,0.7692307692307693,0.759493670886076,39.0
Columba_palumbus,0.48717948717948717,0.5135135135135135,0.5,37.0
Coronella_austriaca,0.5151515151515151,0.4722222222222222,0.4927536231884058,36.0
Corvus_corax,0.6444444444444445,0.7435897435897436,0.6904761904761905,39.0
Cottus_gobio,0.6764705882352942,0.575,0.6216216216216216,40.0
Dama_dama,0.5,0.3170731707317073,0.3880597014925373,41.0
Dryocopus_martius,0.7647058823529411,0.6666666666666666,0.7123287671232876,39.0
Emberiza_citrinella,0.7857142857142857,0.6285714285714286,0.6984126984126984,35.0
Emys_orbicularis,0.78125,0.8064516129032258,0.7936507936507936,31.0
Erinaceus_europaeus,0.8837209302325582,0.8260869565217391,0.8539325842696629,46.0
Esox_lucius,0.65625,0.5121951219512195,0.5753424657534246,41.0
Falco_peregrinus,0.627906976744186,0.6428571428571429,0.6352941176470588,42.0
Falco_tinnunculus,0.45714285714285713,0.5,0.47761194029850745,32.0
Felis_silvestris,0.8666666666666667,0.6666666666666666,0.7536231884057971,39.0
Glis_glis,0.8292682926829268,0.9444444444444444,0.8831168831168831,36.0
Hirundo_rustica,0.4666666666666667,0.5,0.4827586206896552,28.0
Hucho_hucho,0.6,0.3,0.4,10.0
Hyla_arborea,0.8421052631578947,0.8205128205128205,0.8311688311688312,39.0
Jynx_torquilla,0.4375,0.3684210526315789,0.4,19.0
Lacerta_viridis,0.8484848484848485,0.7777777777777778,0.8115942028985508,36.0
Lanius_collurio,0.7380952380952381,0.7380952380952381,0.7380952380952381,42.0
Lepus_europaeus,0.7222222222222222,0.7647058823529411,0.7428571428571429,34.0
Limenitis_reducta,0.918918918918919,0.8947368421052632,0.9066666666666666,38.0
Lucanus_cervus,0.9285714285714286,0.9069767441860465,0.9176470588235294,43.0
Luscinia_megarhynchos,0.5,0.28,0.358974358974359,25.0
Lutra_lutra,0.46511627906976744,0.5263157894736842,0.49382716049382713,38.0
Lycaena_dispar,0.925,0.8809523809523809,0.9024390243902439,42.0
Lynx_lynx,0.45652173913043476,0.6774193548387096,0.5454545454545454,31.0
Mantis_religiosa,0.7551020408163265,0.8409090909090909,0.7956989247311828,44.0
Martes_martes,0.6904761904761905,0.6170212765957447,0.651685393258427,47.0
Meles_meles,0.55,0.6470588235294118,0.5945945945945946,34.0
Microtus_arvalis,0.7631578947368421,0.8055555555555556,0.7837837837837838,36.0
Milvus_migrans,0.7446808510638298,0.8536585365853658,0.7954545454545454,41.0
Miniopterus_schreibersii,0.7954545454545454,0.7446808510638298,0.7692307692307693,47.0
Morimus_funereus,0.95,0.95,0.95,40.0
Motacilla_alba,0.6956521739130435,0.6530612244897959,0.6736842105263158,49.0
Mustela_nivalis,0.6904761904761905,0.7073170731707317,0.6987951807228916,41.0
Myotis_myotis,0.7352941176470589,0.6410256410256411,0.684931506849315,39.0
Natrix_natrix,0.625,0.5405405405405406,0.5797101449275363,37.0
Neomys_fodiens,0.8709677419354839,0.6428571428571429,0.7397260273972602,42.0
Nyctalus_noctula,0.8,0.7619047619047619,0.7804878048780488,42.0
Odonata,0.8,0.8,0.8,5.0
Papilio_machaon,0.7209302325581395,0.8157894736842105,0.7654320987654321,38.0
Parus_major,0.5384615384615384,0.6,0.5675675675675675,35.0
Passer_domesticus,0.5384615384615384,0.3888888888888889,0.45161290322580644,36.0
Phoxinus_phoxinus,0.75,0.7674418604651163,0.7586206896551724,43.0
Phylloscopus_collybita,0.2777777777777778,0.29411764705882354,0.2857142857142857,17.0
Picus_viridis,0.6216216216216216,0.5897435897435898,0.6052631578947368,39.0
Podarcis_muralis,0.7368421052631579,0.6829268292682927,0.7088607594936709,41.0
Polyommatus_icarus,0.8648648648648649,0.8205128205128205,0.8421052631578947,39.0
Pyrrhocorax_pyrrhocorax,0.8064516129032258,0.5681818181818182,0.6666666666666666,44.0
Rana_temporaria,0.5172413793103449,0.46875,0.4918032786885246,32.0
Regulus_regulus,0.6,0.5714285714285714,0.5853658536585366,42.0
Rhinolophus_ferrumequinum,0.7142857142857143,0.78125,0.746268656716418,32.0
Rosalia_alpina,0.9069767441860465,0.9069767441860465,0.9069767441860465,43.0
Rupicapra_rupicapra,0.5106382978723404,0.6666666666666666,0.5783132530120482,36.0
Salamandra_salamandra,0.7454545454545455,0.8367346938775511,0.7884615384615384,49.0
Salmo_trutta,0.6923076923076923,0.6428571428571429,0.6666666666666666,42.0
Sciurus_vulgaris,0.6851851851851852,0.7872340425531915,0.7326732673267327,47.0
Silurus_glanis,0.5925925925925926,0.6956521739130435,0.64,46.0
Sitta_europaea,0.5238095238095238,0.5945945945945946,0.5569620253164557,37.0
Squalius_cephalus,0.6808510638297872,0.5818181818181818,0.6274509803921569,55.0
Streptopelia_decaocto,0.3877551020408163,0.5588235294117647,0.4578313253012048,34.0
Strix_aluco,0.5806451612903226,0.5454545454545454,0.5625,33.0
Sus_scrofa,0.5348837209302325,0.5227272727272727,0.5287356321839081,44.0
Sylvia_atricapilla,0.34782608695652173,0.5333333333333333,0.42105263157894735,30.0
Talpa_europaea,0.5918367346938775,0.8787878787878788,0.7073170731707317,33.0
Thymallus_thymallus,0.6666666666666666,0.7368421052631579,0.7,38.0
Triturus_carnifex,0.5263157894736842,0.5555555555555556,0.5405405405405406,36.0
Turdus_merula,0.6538461538461539,0.5862068965517241,0.6181818181818182,29.0
Turdus_philomelos,0.6896551724137931,0.6666666666666666,0.6779661016949152,30.0
Upupa_epops,0.7741935483870968,0.5581395348837209,0.6486486486486487,43.0
Ursus_arctos,0.6842105263157895,0.6964285714285714,0.6902654867256637,56.0
Vespa_crabro,0.75,0.7317073170731707,0.7407407407407407,41.0
Vipera_berus,0.5454545454545454,0.6818181818181818,0.6060606060606061,44.0
Vulpes_vulpes,0.47619047619047616,0.625,0.5405405405405406,32.0
Zamenis_longissimus,0.38636363636363635,0.5,0.4358974358974359,34.0
accuracy,0.6813513513513514,0.6813513513513514,0.6813513513513514,0.6813513513513514
macro avg,0.6735999932121135,0.6659520374498521,0.6646748824470976,3700.0
weighted avg,0.6907307372996551,0.6813513513513514,0.6814128614364113,3700.0
